"order_date","daily_sales","running_total_sales"
"2014-01-03","16.448","16.448"
"2014-01-04","288.060","304.508"
"2014-01-05","19.536","324.044"
"2014-01-06","4407.10","4731.144"
"2014-01-07","87.158","4818.302"
"2014-01-09","40.544","4858.846"
"2014-01-10","54.83","4913.676"
"2014-01-11","9.94","4923.616"
"2014-01-13","3553.795","8477.411"
"2014-01-14","61.96","8539.371"
"2014-01-15","149.95","8689.321"
"2014-01-16","299.964","8989.285"
"2014-01-18","64.864","9054.149"
"2014-01-19","378.594","9432.743"
"2014-01-20","2673.870","12106.613"
"2014-01-21","25.248","12131.861"
"2014-01-23","46.02","12177.881"
"2014-01-26","1097.25","13275.131"
"2014-01-27","426.67","13701.801"
"2014-01-28","3.928","13705.729"
"2014-01-30","240.50","13946.229"
"2014-01-31","290.666","14236.895"
"2014-02-01","468.9","14705.795"
"2014-02-02","211.646","14917.441"
"2014-02-03","97.112","15014.553"
"2014-02-04","134.384","15148.937"
"2014-02-06","330.512","15479.449"
"2014-02-07","180.32","15659.769"
"2014-02-08","14.56","15674.329"
"2014-02-11","2043.40","17717.729"
"2014-02-12","129.568","17847.297"
"2014-02-14","576.726","18424.023"
"2014-02-15","21.36","18445.383"
"2014-02-16","9.04","18454.423"
"2014-02-17","54.208","18508.631"
"2014-02-18","37.784","18546.415"
"2014-02-20","95.59","18642.005"
"2014-02-21","8.85","18650.855"
"2014-02-22","19.44","18670.295"
"2014-02-23","11.364","18681.659"
"2014-02-24","55.672","18737.331"
"2014-02-27","19.456","18756.787"
"2014-03-01","2203.151","20959.938"
"2014-03-02","202.384","21162.322"
"2014-03-03","1345.892","22508.214"
"2014-03-04","370.452","22878.666"
"2014-03-05","705.562","23584.228"
"2014-03-07","1561.062","25145.290"
"2014-03-10","741.956","25887.246"
"2014-03-11","918.314","26805.560"
"2014-03-14","2108.550","28914.110"
"2014-03-15","370.782","29284.892"
"2014-03-16","471.92","29756.812"
"2014-03-17","3960.358","33717.170"
"2014-03-18","28106.716","61823.886"
"2014-03-19","590.762","62414.648"
"2014-03-21","4109.816","66524.464"
"2014-03-22","464.093","66988.557"
"2014-03-23","945.064","67933.621"
"2014-03-24","65.38","67999.001"
"2014-03-25","459.146","68458.147"
"2014-03-26","145.130","68603.277"
"2014-03-28","1823.804","70427.081"
"2014-03-29","890.841","71317.922"
"2014-03-30","1170.322","72488.244"
"2014-03-31","1959.552","74447.796"
"2014-04-01","119.888","74567.684"
"2014-04-02","1458.558","76026.242"
"2014-04-03","233.45","76259.692"
"2014-04-04","475.844","76735.536"
"2014-04-05","5295.098","82030.634"
"2014-04-06","1650.690","83681.324"
"2014-04-07","1021.17","84702.494"
"2014-04-08","1958.750","86661.244"
"2014-04-11","1915.240","88576.484"
"2014-04-12","1912.123","90488.607"
"2014-04-13","638.576","91127.183"
"2014-04-15","294.72","91421.903"
"2014-04-16","39.072","91460.975"
"2014-04-18","1020.532","92481.507"
"2014-04-19","205.47","92686.977"
"2014-04-20","1250.45","93937.427"
"2014-04-21","845.36","94782.787"
"2014-04-22","257.752","95040.539"
"2014-04-23","643.980","95684.519"
"2014-04-25","2379.994","98064.513"
"2014-04-26","282.568","98347.081"
"2014-04-28","2578.476","100925.557"
"2014-04-29","768.844","101694.401"
"2014-04-30","1048.74","102743.141"
"2014-05-02","506.120","103249.261"
"2014-05-03","72.632","103321.893"
"2014-05-04","187.432","103509.325"
"2014-05-05","260.977","103770.302"
"2014-05-06","254.456","104024.758"
"2014-05-07","1091.35","105116.108"
"2014-05-08","1799.97","106916.078"
"2014-05-09","394.48","107310.558"
"2014-05-10","2343.799","109654.357"
"2014-05-11","1642.802","111297.159"
"2014-05-12","734.846","112032.005"
"2014-05-13","898.382","112930.387"
"2014-05-14","310.88","113241.267"
"2014-05-16","289.28","113530.547"
"2014-05-17","91.68","113622.227"
"2014-05-18","948.948","114571.175"
"2014-05-19","91.62","114662.795"
"2014-05-20","320.104","114982.899"
"2014-05-21","4264.328","119247.227"
"2014-05-22","180.93","119428.157"
"2014-05-23","323.758","119751.915"
"2014-05-24","116.28","119868.195"
"2014-05-25","119.54","119987.735"
"2014-05-26","1325.718","121313.453"
"2014-05-27","2157.394","123470.847"
"2014-05-28","221.968","123692.815"
"2014-05-30","1924.913","125617.728"
"2014-05-31","773.70","126391.428"
"2014-06-01","5188.52","131579.948"
"2014-06-02","738.598","132318.546"
"2014-06-03","741.336","133059.882"
"2014-06-04","456.272","133516.154"
"2014-06-06","1374.001","134890.155"
"2014-06-07","281.397","135171.552"
"2014-06-08","2501.264","137672.816"
"2014-06-09","5463.008","143135.824"
"2014-06-10","491.55","143627.374"
"2014-06-13","14.52","143641.894"
"2014-06-14","212.94","143854.834"
"2014-06-15","942.974","144797.808"
"2014-06-16","763.792","145561.600"
"2014-06-17","3418.502","148980.102"
"2014-06-18","139.8","149119.902"
"2014-06-20","1828.9496","150948.8516"
"2014-06-21","4107.443","155056.2946"
"2014-06-22","1975.498","157031.7926"
"2014-06-23","109.496","157141.2886"
"2014-06-24","4.272","157145.5606"
"2014-06-25","792.760","157938.3206"
"2014-06-27","616.14","158554.4606"
"2014-06-28","1645.791","160200.2516"
"2014-06-29","46.68","160246.9316"
"2014-06-30","739.624","160986.5556"
"2014-07-01","601.024","161587.5796"
"2014-07-02","79.56","161667.1396"
"2014-07-04","247.408","161914.5476"
"2014-07-05","1444.104","163358.6516"
"2014-07-06","1038.472","164397.1236"
"2014-07-07","241.194","164638.3176"
"2014-07-08","763.074","165401.3916"
"2014-07-09","265.521","165666.9126"
"2014-07-11","2187.206","167854.1186"
"2014-07-12","1960.012","169814.1306"
"2014-07-13","351.216","170165.3466"
"2014-07-14","292.594","170457.9406"
"2014-07-15","9.51","170467.4506"
"2014-07-18","273.040","170740.4906"
"2014-07-19","461.326","171201.8166"
"2014-07-20","2285.786","173487.6026"
"2014-07-21","1961.482","175449.0846"
"2014-07-22","1348.344","176797.4286"
"2014-07-23","2613.184","179410.6126"
"2014-07-25","8341.29","187751.9026"
"2014-07-26","5039.994","192791.8966"
"2014-07-27","580.06","193371.9566"
"2014-07-28","193.152","193565.1086"
"2014-07-30","1367.84","194932.9486"
"2014-08-01","228.328","195161.2766"
"2014-08-02","886.28","196047.5566"
"2014-08-03","477.994","196525.5506"
"2014-08-04","2743.154","199268.7046"
"2014-08-05","2408.724","201677.4286"
"2014-08-06","262.89","201940.3186"
"2014-08-08","3955.629","205895.9476"
"2014-08-09","3605.685","209501.6326"
"2014-08-11","451.62","209953.2526"
"2014-08-12","1832.380","211785.6326"
"2014-08-15","842.782","212628.4146"
"2014-08-16","853.092","213481.5066"
"2014-08-17","500.342","213981.8486"
"2014-08-19","1439.106","215420.9546"
"2014-08-20","1838.722","217259.6766"
"2014-08-22","23.104","217282.7806"
"2014-08-23","565.224","217848.0046"
"2014-08-24","59.740","217907.7446"
"2014-08-25","1451.650","219359.3946"
"2014-08-26","366.81","219726.2046"
"2014-08-27","2070.13","221796.3346"
"2014-08-29","832.3225","222628.6571"
"2014-08-30","121.24","222749.8971"
"2014-08-31","92.52","222842.4171"
"2014-09-01","469.436","223311.8531"
"2014-09-02","3254.150","226566.0031"
"2014-09-03","22.08","226588.0831"
"2014-09-05","296.304","226884.3871"
"2014-09-06","100.36","226984.7471"
"2014-09-07","3523.875","230508.6221"
"2014-09-08","14228.428","244737.0501"
"2014-09-09","4043.588","248780.6381"
"2014-09-10","1855.228","250635.8661"
"2014-09-11","127.95","250763.8161"
"2014-09-12","4904.660","255668.4761"
"2014-09-13","1275.408","256943.8841"
"2014-09-14","5023.716","261967.6001"
"2014-09-15","133.436","262101.0361"
"2014-09-16","33.552","262134.5881"
"2014-09-17","820.523","262955.1111"
"2014-09-19","9338.637","272293.7481"
"2014-09-20","5335.968","277629.7161"
"2014-09-21","2679.652","280309.3681"
"2014-09-22","1240.266","281549.6341"
"2014-09-23","10662.337","292211.9711"
"2014-09-24","211.96","292423.9311"
"2014-09-25","354.8888","292778.8199"
"2014-09-26","1480.614","294259.4339"
"2014-09-27","773.44","295032.8739"
"2014-09-28","490.292","295523.1659"
"2014-09-29","8109.070","303632.2359"
"2014-09-30","987.532","304619.7679"
"2014-10-01","4.71","304624.4779"
"2014-10-02","598.144","305222.6219"
"2014-10-03","862.683","306085.3049"
"2014-10-04","728.748","306814.0529"
"2014-10-05","191.90","307005.9529"
"2014-10-06","494.71","307500.6629"
"2014-10-07","237.36","307738.0229"
"2014-10-08","147.392","307885.4149"
"2014-10-09","249.360","308134.7749"
"2014-10-10","2049.386","310184.1609"
"2014-10-11","1381.164","311565.3249"
"2014-10-12","58.53","311623.8549"
"2014-10-13","2212.182","313836.0369"
"2014-10-14","4525.484","318361.5209"
"2014-10-15","206.724","318568.2449"
"2014-10-16","194.322","318762.5669"
"2014-10-17","136.068","318898.6349"
"2014-10-18","3134.916","322033.5509"
"2014-10-19","641.104","322674.6549"
"2014-10-20","1501.104","324175.7589"
"2014-10-21","1356.602","325532.3609"
"2014-10-22","223.808","325756.1689"
"2014-10-24","56.490","325812.6589"
"2014-10-25","103.882","325916.5409"
"2014-10-26","447.88","326364.4209"
"2014-10-27","22.320","326386.7409"
"2014-10-28","1510.582","327897.3229"
"2014-10-29","2813.812","330711.1349"
"2014-10-31","5362.026","336073.1609"
"2014-11-01","4732.080","340805.2409"
"2014-11-02","2126.370","342931.6109"
"2014-11-03","2784.163","345715.7739"
"2014-11-04","6693.748","352409.5219"
"2014-11-05","1694.564","354104.0859"
"2014-11-06","43.68","354147.7659"
"2014-11-07","1449.142","355596.9079"
"2014-11-08","333.576","355930.4839"
"2014-11-09","1574.094","357504.5779"
"2014-11-10","2002.556","359507.1339"
"2014-11-11","8114.548","367621.6819"
"2014-11-12","1054.7612","368676.4431"
"2014-11-14","1034.730","369711.1731"
"2014-11-15","1780.822","371491.9951"
"2014-11-16","1355.9285","372847.9236"
"2014-11-17","11544.274","384392.1976"
"2014-11-18","3406.855","387799.0526"
"2014-11-19","7226.086","395025.1386"
"2014-11-20","907.56","395932.6986"
"2014-11-21","1249.622","397182.3206"
"2014-11-22","1103.298","398285.6186"
"2014-11-23","1363.280","399648.8986"
"2014-11-24","5578.606","405227.5046"
"2014-11-25","4415.695","409643.1996"
"2014-11-26","1705.990","411349.1896"
"2014-11-27","203.66","411552.8496"
"2014-11-28","2280.830","413833.6796"
"2014-11-29","649.044","414482.7236"
"2014-11-30","219.154","414701.8776"
"2014-12-01","5624.390","420326.2676"
"2014-12-02","1771.808","422098.0756"
"2014-12-03","505.88","422603.9556"
"2014-12-04","129.98","422733.9356"
"2014-12-05","2963.642","425697.5776"
"2014-12-06","1970.978","427668.5556"
"2014-12-07","548.40","428216.9556"
"2014-12-08","1095.120","429312.0756"
"2014-12-09","1522.652","430834.7276"
"2014-12-10","573.336","431408.0636"
"2014-12-12","4938.4045","436346.4681"
"2014-12-13","293.152","436639.6201"
"2014-12-14","7641.658","444281.2781"
"2014-12-15","1264.466","445545.7441"
"2014-12-16","4394.187","449939.9311"
"2014-12-17","45.534","449985.4651"
"2014-12-19","3436.760","453422.2251"
"2014-12-20","6962.440","460384.6651"
"2014-12-21","1933.44","462318.1051"
"2014-12-22","798.968","463117.0731"
"2014-12-23","942.108","464059.1811"
"2014-12-24","1950.202","466009.3831"
"2014-12-26","2041.414","468050.7971"
"2014-12-27","2966.388","471017.1851"
"2014-12-28","3732.296","474749.4811"
"2014-12-29","2072.096","476821.5771"
"2014-12-30","2172.651","478994.2281"
"2014-12-31","5253.270","484247.4981"
"2015-01-02","1932.096","486179.5941"
"2015-01-03","1768.2216","487947.8157"
"2015-01-04","264.46","488212.2757"
"2015-01-05","295.272","488507.5477"
"2015-01-06","31.538","488539.0857"
"2015-01-09","364.07","488903.1557"
"2015-01-10","1018.104","489921.2597"
"2015-01-12","854.614","490775.8737"
"2015-01-13","622.278","491398.1517"
"2015-01-17","350.384","491748.5357"
"2015-01-19","301.742","492050.2777"
"2015-01-23","43.66","492093.9377"
"2015-01-24","13.12","492107.0577"
"2015-01-26","182.72","492289.7777"
"2015-01-27","3573.252","495863.0297"
"2015-01-28","4297.644","500160.6737"
"2015-01-30","2161.640","502322.3137"
"2015-01-31","99.26","502421.5737"
"2015-02-03","492.836","502914.4097"
"2015-02-06","2432.544","505346.9537"
"2015-02-07","324.11","505671.0637"
"2015-02-08","129.092","505800.1557"
"2015-02-09","785.552","506585.7077"
"2015-02-10","77.24","506662.9477"
"2015-02-14","1079.962","507742.9097"
"2015-02-15","1602.38","509345.2897"
"2015-02-16","160.43","509505.7197"
"2015-02-18","105.844","509611.5637"
"2015-02-20","316.78","509928.3437"
"2015-02-21","2591.10","512519.4437"
"2015-02-22","79.36","512598.8037"
"2015-02-23","37.776","512636.5797"
"2015-02-25","25.87","512662.4497"
"2015-02-27","1159.271","513821.7207"
"2015-02-28","551.264","514372.9847"
"2015-03-01","1642.1744","516015.1591"
"2015-03-02","899.57","516914.7291"
"2015-03-05","1969.267","518883.9961"
"2015-03-06","1555.244","520439.2401"
"2015-03-07","807.54","521246.7801"
"2015-03-08","2563.296","523810.0761"
"2015-03-09","478.008","524288.0841"
"2015-03-10","90.932","524379.0161"
"2015-03-12","51.016","524430.0321"
"2015-03-13","1384.856","525814.8881"
"2015-03-14","707.90","526522.7881"
"2015-03-15","16.776","526539.5641"
"2015-03-16","7230.21","533769.7741"
"2015-03-17","48.84","533818.6141"
"2015-03-19","5652.9396","539471.5537"
"2015-03-20","1548.194","541019.7477"
"2015-03-21","1270.379","542290.1267"
"2015-03-22","2481.424","544771.5507"
"2015-03-23","633.302","545404.8527"
"2015-03-24","412.950","545817.8027"
"2015-03-26","4623.370","550441.1727"
"2015-03-27","83.7","550524.8727"
"2015-03-28","243.344","550768.2167"
"2015-03-29","1559.08","552327.2967"
"2015-03-30","571.224","552898.5207"
"2015-03-31","200.716","553099.2367"
"2015-04-02","299.220","553398.4567"
"2015-04-04","1484.598","554883.0547"
"2015-04-05","2974.058","557857.1127"
"2015-04-06","140.004","557997.1167"
"2015-04-07","907.436","558904.5527"
"2015-04-09","757.992","559662.5447"
"2015-04-10","169.542","559832.0867"
"2015-04-11","1328.346","561160.4327"
"2015-04-12","40.74","561201.1727"
"2015-04-13","3192.678","564393.8507"
"2015-04-14","35.208","564429.0587"
"2015-04-16","4161.972","568591.0307"
"2015-04-17","2745.106","571336.1367"
"2015-04-18","2006.960","573343.0967"
"2015-04-19","329.960","573673.0567"
"2015-04-20","1194.726","574867.7827"
"2015-04-21","893.09","575760.8727"
"2015-04-22","152.916","575913.7887"
"2015-04-24","25.99","575939.7787"
"2015-04-25","920.946","576860.7247"
"2015-04-26","2090.1055","578950.8302"
"2015-04-27","2719.59","581670.4202"
"2015-04-28","4044.362","585714.7822"
"2015-04-29","7.968","585722.7502"
"2015-04-30","1571.695","587294.4452"
"2015-05-01","450.940","587745.3852"
"2015-05-02","167.232","587912.6172"
"2015-05-03","2198.760","590111.3772"
"2015-05-04","1121.362","591232.7392"
"2015-05-07","305.622","591538.3612"
"2015-05-08","3981.968","595520.3292"
"2015-05-09","48.81","595569.1392"
"2015-05-10","154.442","595723.5812"
"2015-05-11","191.968","595915.5492"
"2015-05-12","1060.350","596975.8992"
"2015-05-13","238.384","597214.2832"
"2015-05-14","3141.1995","600355.4827"
"2015-05-15","69.908","600425.3907"
"2015-05-16","255.968","600681.3587"
"2015-05-17","134.468","600815.8267"
"2015-05-18","10.86","600826.6867"
"2015-05-20","169.544","600996.2307"
"2015-05-21","72.332","601068.5627"
"2015-05-22","3862.098","604930.6607"
"2015-05-23","1304.956","606235.6167"
"2015-05-24","610.307","606845.9237"
"2015-05-25","1739.418","608585.3417"
"2015-05-26","982.564","609567.9057"
"2015-05-28","794.146","610362.0517"
"2015-05-29","1204.842","611566.8937"
"2015-05-30","681.10","612247.9937"
"2015-05-31","5178.138","617426.1317"
"2015-06-01","834.198","618260.3297"
"2015-06-04","1192.31","619452.6397"
"2015-06-05","1533.198","620985.8377"
"2015-06-07","59.768","621045.6057"
"2015-06-08","1083.112","622128.7177"
"2015-06-09","797.116","622925.8337"
"2015-06-11","3373.564","626299.3977"
"2015-06-12","174.476","626473.8737"
"2015-06-13","1128.898","627602.7717"
"2015-06-14","51.072","627653.8437"
"2015-06-15","734.144","628387.9877"
"2015-06-16","3443.904","631831.8917"
"2015-06-18","1883.087","633714.9787"
"2015-06-19","446.346","634161.3247"
"2015-06-20","829.544","634990.8687"
"2015-06-21","107.976","635098.8447"
"2015-06-22","2018.953","637117.7977"
"2015-06-23","836.958","637954.7557"
"2015-06-25","857.080","638811.8357"
"2015-06-26","1592.196","640404.0317"
"2015-06-28","1386.466","641790.4977"
"2015-06-29","432.926","642223.4237"
"2015-07-02","1631.902","643855.3257"
"2015-07-03","823.982","644679.3077"
"2015-07-04","1138.288","645817.5957"
"2015-07-05","121.646","645939.2417"
"2015-07-06","1379.812","647319.0537"
"2015-07-08","21.12","647340.1737"
"2015-07-09","1587.114","648927.2877"
"2015-07-10","43.286","648970.5737"
"2015-07-11","1941.952","650912.5257"
"2015-07-12","2052.567","652965.0927"
"2015-07-13","2033.256","654998.3487"
"2015-07-14","860.916","655859.2647"
"2015-07-16","3029.386","658888.6507"
"2015-07-17","448.082","659336.7327"
"2015-07-18","672.418","660009.1507"
"2015-07-19","2.025","660011.1757"
"2015-07-20","2693.168","662704.3437"
"2015-07-23","208.272","662912.6157"
"2015-07-24","525.95","663438.5657"
"2015-07-25","2395.024","665833.5897"
"2015-07-26","969.225","666802.8147"
"2015-07-27","29.97","666832.7847"
"2015-07-30","443.802","667276.5867"
"2015-07-31","3712.162","670988.7487"
"2015-08-01","1011.696","672000.4447"
"2015-08-02","1290.478","673290.9227"
"2015-08-05","72.650","673363.5727"
"2015-08-06","494.8692","673858.4419"
"2015-08-07","968.206","674826.6479"
"2015-08-08","840.102","675666.7499"
"2015-08-09","4878.392","680545.1419"
"2015-08-10","851.474","681396.6159"
"2015-08-11","196.112","681592.7279"
"2015-08-13","586.896","682179.6239"
"2015-08-15","497.59","682677.2139"
"2015-08-16","3378.932","686056.1459"
"2015-08-17","381.640","686437.7859"
"2015-08-21","2827.520","689265.3059"
"2015-08-22","66.632","689331.9379"
"2015-08-23","1202.278","690534.2159"
"2015-08-24","7194.775","697728.9909"
"2015-08-25","178.526","697907.5169"
"2015-08-27","639.974","698547.4909"
"2015-08-28","6491.293","705038.7839"
"2015-08-29","246.50","705285.2839"
"2015-08-31","2601.797","707887.0809"
"2015-09-01","2367.564","710254.6449"
"2015-09-03","1874.898","712129.5429"
"2015-09-04","1071.284","713200.8269"
"2015-09-05","934.103","714134.9299"
"2015-09-06","1005.654","715140.5839"
"2015-09-07","2922.667","718063.2509"
"2015-09-08","89.64","718152.8909"
"2015-09-10","1415.726","719568.6169"
"2015-09-11","1962.13","721530.7469"
"2015-09-12","707.824","722238.5709"
"2015-09-13","3445.772","725684.3429"
"2015-09-14","3262.420","728946.7629"
"2015-09-15","2535.850","731482.6129"
"2015-09-16","31.12","731513.7329"
"2015-09-17","11525.006","743038.7389"
"2015-09-18","3924.32","746963.0589"
"2015-09-19","500.38","747463.4389"
"2015-09-20","1836.052","749299.4909"
"2015-09-21","6982.058","756281.5489"
"2015-09-22","1783.504","758065.0529"
"2015-09-24","4220.594","762285.6469"
"2015-09-25","3033.757","765319.4039"
"2015-09-26","3722.273","769041.6769"
"2015-09-27","2382.958","771424.6349"
"2015-09-28","1058.364","772482.9989"
"2015-10-01","1158.414","773641.4129"
"2015-10-02","1269.266","774910.6789"
"2015-10-03","275.218","775185.8969"
"2015-10-04","505.580","775691.4769"
"2015-10-05","851.092","776542.5689"
"2015-10-08","222.12","776764.6889"
"2015-10-09","2133.535","778898.2239"
"2015-10-10","2248.194","781146.4179"
"2015-10-11","1011.8955","782158.3134"
"2015-10-12","2390.758","784549.0714"
"2015-10-13","371.66","784920.7314"
"2015-10-15","3219.554","788140.2854"
"2015-10-16","824.97","788965.2554"
"2015-10-17","77.88","789043.1354"
"2015-10-18","378.494","789421.6294"
"2015-10-19","2135.09","791556.7194"
"2015-10-20","720.086","792276.8054"
"2015-10-22","15.128","792291.9334"
"2015-10-23","2262.296","794554.2294"
"2015-10-24","831.145","795385.3744"
"2015-10-25","1425.412","796810.7864"
"2015-10-26","1395.333","798206.1194"
"2015-10-28","104.51","798310.6294"
"2015-10-29","244.24","798554.8694"
"2015-10-30","2122.044","800676.9134"
"2015-10-31","3211.009","803887.9224"
"2015-11-01","3106.106","806994.0284"
"2015-11-02","5528.551","812522.5794"
"2015-11-03","2800.846","815323.4254"
"2015-11-05","834.874","816158.2994"
"2015-11-06","11.481","816169.7804"
"2015-11-07","3073.073","819242.8534"
"2015-11-08","12196.997","831439.8504"
"2015-11-09","4620.292","836060.1424"
"2015-11-10","3536.904","839597.0464"
"2015-11-11","542.178","840139.2244"
"2015-11-12","1127.992","841267.2164"
"2015-11-13","3591.0772","844858.2936"
"2015-11-14","2512.710","847371.0036"
"2015-11-15","702.170","848073.1736"
"2015-11-16","4072.334","852145.5076"
"2015-11-17","3885.986","856031.4936"
"2015-11-19","1040.784","857072.2776"
"2015-11-20","2861.150","859933.4276"
"2015-11-21","3613.5748","863547.0024"
"2015-11-22","614.499","864161.5014"
"2015-11-23","3450.188","867611.6894"
"2015-11-24","1218.764","868830.4534"
"2015-11-25","13.12","868843.5734"
"2015-11-26","1484.082","870327.6554"
"2015-11-27","3109.7835","873437.4389"
"2015-11-28","1864.482","875301.9209"
"2015-11-29","2760.168","878062.0889"
"2015-11-30","1798.397","879860.4859"
"2015-12-01","7130.594","886991.0799"
"2015-12-03","1972.645","888963.7249"
"2015-12-04","5185.814","894149.5389"
"2015-12-05","897.322","895046.8609"
"2015-12-06","6061.502","901108.3629"
"2015-12-07","1338.298","902446.6609"
"2015-12-08","2672.728","905119.3889"
"2015-12-09","34.02","905153.4089"
"2015-12-10","3080.380","908233.7889"
"2015-12-11","1590.894","909824.6829"
"2015-12-12","1448.854","911273.5369"
"2015-12-13","1023.386","912296.9229"
"2015-12-14","858.304","913155.2269"
"2015-12-15","5494.796","918650.0229"
"2015-12-16","4.98","918655.0029"
"2015-12-17","1918.492","920573.4949"
"2015-12-18","935.288","921508.7829"
"2015-12-19","6120.656","927629.4389"
"2015-12-20","1107.464","928736.9029"
"2015-12-21","3257.760","931994.6629"
"2015-12-22","473.313","932467.9759"
"2015-12-23","194.32","932662.2959"
"2015-12-24","7484.566","940146.8619"
"2015-12-25","4204.968","944351.8299"
"2015-12-26","561.486","944913.3159"
"2015-12-27","5148.4472","950061.7631"
"2015-12-28","79.200","950140.9631"
"2015-12-29","6.36","950147.3231"
"2015-12-30","3251.34","953398.6631"
"2015-12-31","1381.344","954780.0071"
"2016-01-02","405.92","955185.9271"
"2016-01-03","2095.83","957281.7571"
"2016-01-04","1069.220","958350.9771"
"2016-01-05","255.904","958606.8811"
"2016-01-07","83.576","958690.4571"
"2016-01-08","1859.158","960549.6151"
"2016-01-09","743.046","961292.6611"
"2016-01-10","174.75","961467.4111"
"2016-01-11","149.444","961616.8551"
"2016-01-14","405.344","962022.1991"
"2016-01-15","701.923","962724.1221"
"2016-01-16","102.218","962826.3401"
"2016-01-17","1040.55","963866.8901"
"2016-01-21","1167.056","965033.9461"
"2016-01-22","917.630","965951.5761"
"2016-01-23","1732.30","967683.8761"
"2016-01-24","31.36","967715.2361"
"2016-01-25","858.712","968573.9481"
"2016-01-28","39.68","968613.6281"
"2016-01-30","3107.316","971720.9441"
"2016-01-31","1601.554","973322.4981"
"2016-02-01","161.97","973484.4681"
"2016-02-02","8996.784","982481.2521"
"2016-02-03","866.4","983347.6521"
"2016-02-04","197.868","983545.5201"
"2016-02-05","2994.476","986539.9961"
"2016-02-06","132.224","986672.2201"
"2016-02-07","762.142","987434.3621"
"2016-02-08","1369.476","988803.8381"
"2016-02-09","121.83","988925.6681"
"2016-02-11","69.93","988995.5981"
"2016-02-12","1366.04","990361.6381"
"2016-02-13","146.82","990508.4581"
"2016-02-14","837.921","991346.3791"
"2016-02-15","407.072","991753.4511"
"2016-02-16","1135.638","992889.0891"
"2016-02-19","392.66","993281.7491"
"2016-02-20","16.496","993298.2451"
"2016-02-21","1524.126","994822.3711"
"2016-02-22","983.17","995805.5411"
"2016-02-23","57.576","995863.1171"
"2016-02-25","46.72","995909.8371"
"2016-02-27","243.892","996153.7291"
"2016-02-28","36.48","996190.2091"
"2016-02-29","111.104","996301.3131"
"2016-03-01","6285.806","1002587.1191"
"2016-03-03","7264.422","1009851.5411"
"2016-03-04","315.45","1010166.9911"
"2016-03-05","162.344","1010329.3351"
"2016-03-06","811.303","1011140.6381"
"2016-03-07","21.072","1011161.7101"
"2016-03-08","2190.810","1013352.5201"
"2016-03-09","635.60","1013988.1201"
"2016-03-10","7879.734","1021867.8541"
"2016-03-11","896.022","1022763.8761"
"2016-03-12","1694.642","1024458.5181"
"2016-03-13","8866.882","1033325.4001"
"2016-03-14","669.368","1033994.7681"
"2016-03-15","2356.808","1036351.5761"
"2016-03-17","2360.334","1038711.9101"
"2016-03-18","1061.682","1039773.5921"
"2016-03-19","138.680","1039912.2721"
"2016-03-20","928.311","1040840.5831"
"2016-03-21","645.706","1041486.2891"
"2016-03-22","226.468","1041712.7571"
"2016-03-24","745.774","1042458.5311"
"2016-03-25","1346.97","1043805.5011"
"2016-03-26","682.246","1044487.7471"
"2016-03-27","92.70","1044580.4471"
"2016-03-28","125.30","1044705.7471"
"2016-03-29","2659.339","1047365.0861"
"2016-03-30","11.34","1047376.4261"
"2016-03-31","640.762","1048017.1881"
"2016-04-01","2161.480","1050178.6681"
"2016-04-02","1454.9","1051633.5681"
"2016-04-03","441.198","1052074.7661"
"2016-04-04","970.194","1053044.9601"
"2016-04-05","1046.334","1054091.2941"
"2016-04-06","1294.75","1055386.0441"
"2016-04-07","1970.574","1057356.6181"
"2016-04-08","2906.404","1060263.0221"
"2016-04-09","1115.197","1061378.2191"
"2016-04-10","950.594","1062328.8131"
"2016-04-12","1542.530","1063871.3431"
"2016-04-13","6.12","1063877.4631"
"2016-04-14","1466.572","1065344.0351"
"2016-04-15","2201.856","1067545.8911"
"2016-04-16","9335.086","1076880.9771"
"2016-04-17","421.085","1077302.0621"
"2016-04-18","2514.538","1079816.6001"
"2016-04-19","1414.132","1081230.7321"
"2016-04-21","271.616","1081502.3481"
"2016-04-22","1765.465","1083267.8131"
"2016-04-23","720.368","1083988.1811"
"2016-04-24","1607.100","1085595.2811"
"2016-04-25","108.420","1085703.7011"
"2016-04-26","434.646","1086138.3471"
"2016-04-28","486.672","1086625.0191"
"2016-04-30","142.208","1086767.2271"
"2016-05-01","517.866","1087285.0931"
"2016-05-02","1098.136","1088383.2291"
"2016-05-03","1099.013","1089482.2421"
"2016-05-05","2701.280","1092183.5221"
"2016-05-06","236.960","1092420.4821"
"2016-05-07","4835.976","1097256.4581"
"2016-05-08","1340.244","1098596.7021"
"2016-05-09","1283.512","1099880.2141"
"2016-05-10","763.020","1100643.2341"
"2016-05-11","5.98","1100649.2141"
"2016-05-12","918.878","1101568.0921"
"2016-05-14","455.930","1102024.0221"
"2016-05-15","648.912","1102672.9341"
"2016-05-16","880.46","1103553.3941"
"2016-05-17","346.922","1103900.3161"
"2016-05-18","122.22","1104022.5361"
"2016-05-19","1582.008","1105604.5441"
"2016-05-20","2471.913","1108076.4571"
"2016-05-21","2718.214","1110794.6711"
"2016-05-22","1799.200","1112593.8711"
"2016-05-23","10560.978","1123154.8491"
"2016-05-24","277.756","1123432.6051"
"2016-05-25","1311.97","1124744.5751"
"2016-05-26","1975.356","1126719.9311"
"2016-05-27","5305.078","1132025.0091"
"2016-05-28","2137.324","1134162.3331"
"2016-05-29","1063.185","1135225.5181"
"2016-05-30","8090.578","1143316.0961"
"2016-05-31","438.859","1143754.9551"
"2016-06-02","157.844","1143912.7991"
"2016-06-03","71.088","1143983.8871"
"2016-06-04","2316.523","1146300.4101"
"2016-06-05","659.820","1146960.2301"
"2016-06-06","6026.312","1152986.5421"
"2016-06-07","51.562","1153038.1041"
"2016-06-09","1688.472","1154726.5761"
"2016-06-10","1412.396","1156138.9721"
"2016-06-11","1623.416","1157762.3881"
"2016-06-12","2962.563","1160724.9511"
"2016-06-13","430.438","1161155.3891"
"2016-06-14","3457.099","1164612.4881"
"2016-06-15","173.488","1164785.9761"
"2016-06-16","147.275","1164933.2511"
"2016-06-17","3000.920","1167934.1711"
"2016-06-18","541.938","1168476.1091"
"2016-06-19","17.12","1168493.2291"
"2016-06-20","1229.548","1169722.7771"
"2016-06-21","577.108","1170299.8851"
"2016-06-23","2475.094","1172774.9791"
"2016-06-24","5310.952","1178085.9311"
"2016-06-25","893.266","1178979.1971"
"2016-06-26","1919.600","1180898.7971"
"2016-06-27","778.706","1181677.5031"
"2016-06-28","877.156","1182554.6591"
"2016-06-29","191.88","1182746.5391"
"2016-06-30","1352.95","1184099.4891"
"2016-07-01","1724.376","1185823.8651"
"2016-07-02","772.786","1186596.6511"
"2016-07-03","847.70","1187444.3511"
"2016-07-04","1651.301","1189095.6521"
"2016-07-07","3882.231","1192977.8831"
"2016-07-08","2616.512","1195594.3951"
"2016-07-09","573.286","1196167.6811"
"2016-07-10","895.895","1197063.5761"
"2016-07-12","95.76","1197159.3361"
"2016-07-14","2149.960","1199309.2961"
"2016-07-15","380.20","1199689.4961"
"2016-07-16","910.170","1200599.6661"
"2016-07-17","2184.880","1202784.5461"
"2016-07-18","2891.858","1205676.4041"
"2016-07-19","1536.454","1207212.8581"
"2016-07-20","89.95","1207302.8081"
"2016-07-21","991.095","1208293.9031"
"2016-07-22","1368.048","1209661.9511"
"2016-07-23","654.587","1210316.5381"
"2016-07-24","326.964","1210643.5021"
"2016-07-25","5920.488","1216563.9901"
"2016-07-28","2033.374","1218597.3641"
"2016-07-29","819.154","1219416.5181"
"2016-07-30","1770.776","1221187.2941"
"2016-07-31","2174.158","1223361.4521"
"2016-08-01","1124.648","1224486.1001"
"2016-08-02","482.584","1224968.6841"
"2016-08-03","248.82","1225217.5041"
"2016-08-04","497.910","1225715.4141"
"2016-08-05","197.05","1225912.4641"
"2016-08-06","320.388","1226232.8521"
"2016-08-07","179.97","1226412.8221"
"2016-08-08","1115.204","1227528.0261"
"2016-08-09","661.354","1228189.3801"
"2016-08-11","151.82","1228341.2001"
"2016-08-12","3951.9605","1232293.1606"
"2016-08-13","731.524","1233024.6846"
"2016-08-14","923.688","1233948.3726"
"2016-08-15","1680.266","1235628.6386"
"2016-08-16","204.54","1235833.1786"
"2016-08-17","15.712","1235848.8906"
"2016-08-18","496.114","1236345.0046"
"2016-08-19","448.792","1236793.7966"
"2016-08-20","14.78","1236808.5766"
"2016-08-21","4798.292","1241606.8686"
"2016-08-22","405.350","1242012.2186"
"2016-08-23","4187.348","1246199.5666"
"2016-08-26","4874.298","1251073.8646"
"2016-08-27","767.911","1251841.7756"
"2016-08-28","322.0248","1252163.8004"
"2016-08-29","632.188","1252795.9884"
"2016-08-30","1656.870","1254452.8584"
"2016-08-31","23.968","1254476.8264"
"2016-09-01","5766.152","1260242.9784"
"2016-09-02","6792.193","1267035.1714"
"2016-09-03","2365.596","1269400.7674"
"2016-09-04","4532.042","1273932.8094"
"2016-09-05","5226.348","1279159.1574"
"2016-09-06","1313.536","1280472.6934"
"2016-09-08","4493.9836","1284966.6770"
"2016-09-09","84.992","1285051.6690"
"2016-09-10","2094.324","1287145.9930"
"2016-09-11","6501.586","1293647.5790"
"2016-09-12","2043.792","1295691.3710"
"2016-09-13","2374.73","1298066.1010"
"2016-09-14","1137.338","1299203.4390"
"2016-09-15","2101.182","1301304.6210"
"2016-09-16","425.886","1301730.5070"
"2016-09-17","2043.126","1303773.6330"
"2016-09-18","4751.082","1308524.7150"
"2016-09-19","3839.312","1312364.0270"
"2016-09-20","1232.004","1313596.0310"
"2016-09-22","615.570","1314211.6010"
"2016-09-23","1322.145","1315533.7460"
"2016-09-24","2286.050","1317819.7960"
"2016-09-25","3443.091","1321262.8870"
"2016-09-26","2698.1665","1323961.0535"
"2016-09-27","1992.9858","1325954.0393"
"2016-09-28","99.136","1326053.1753"
"2016-09-29","1307.792","1327360.9673"
"2016-09-30","525.884","1327886.8513"
"2016-10-01","781.414","1328668.2653"
"2016-10-02","18452.972","1347121.2373"
"2016-10-03","1680.696","1348801.9333"
"2016-10-04","5912.782","1354714.7153"
"2016-10-06","830.400","1355545.1153"
"2016-10-07","973.712","1356518.8273"
"2016-10-08","561.536","1357080.3633"
"2016-10-09","546.920","1357627.2833"
"2016-10-10","282.753","1357910.0363"
"2016-10-11","33.064","1357943.1003"
"2016-10-13","1650.618","1359593.7183"
"2016-10-14","3335.888","1362929.6063"
"2016-10-15","1620.15","1364549.7563"
"2016-10-16","142.182","1364691.9383"
"2016-10-17","2953.346","1367645.2843"
"2016-10-18","307.92","1367953.2043"
"2016-10-20","946.174","1368899.3783"
"2016-10-21","7951.592","1376850.9703"
"2016-10-22","188.28","1377039.2503"
"2016-10-23","467.422","1377506.6723"
"2016-10-24","1365.498","1378872.1703"
"2016-10-25","783.96","1379656.1303"
"2016-10-27","978.790","1380634.9203"
"2016-10-28","2899.021","1383533.9413"
"2016-10-29","131.154","1383665.0953"
"2016-10-30","159.002","1383824.0973"
"2016-10-31","3750.499","1387574.5963"
"2016-11-01","453.374","1388027.9703"
"2016-11-03","3802.796","1391830.7663"
"2016-11-04","3888.818","1395719.5843"
"2016-11-05","4266.8988","1399986.4831"
"2016-11-06","773.256","1400759.7391"
"2016-11-07","3810.464","1404570.2031"
"2016-11-08","993.90","1405564.1031"
"2016-11-09","479.97","1406044.0731"
"2016-11-10","4723.478","1410767.5511"
"2016-11-11","4944.296","1415711.8471"
"2016-11-12","4914.938","1420626.7851"
"2016-11-13","2945.138","1423571.9231"
"2016-11-14","2774.062","1426345.9851"
"2016-11-15","2145.718","1428491.7031"
"2016-11-16","36.72","1428528.4231"
"2016-11-17","142.684","1428671.1071"
"2016-11-18","3958.932","1432630.0391"
"2016-11-19","638.462","1433268.5011"
"2016-11-20","3070.333","1436338.8341"
"2016-11-21","1176.891","1437515.7251"
"2016-11-22","317.044","1437832.7691"
"2016-11-23","100.616","1437933.3851"
"2016-11-24","6394.538","1444327.9231"
"2016-11-25","7978.551","1452306.4741"
"2016-11-26","8329.743","1460636.2171"
"2016-11-27","1651.239","1462287.4561"
"2016-11-28","3428.372","1465715.8281"
"2016-11-29","300.592","1466016.4201"
"2016-11-30","970.142","1466986.5621"
"2016-12-01","7365.455","1474352.0171"
"2016-12-02","4684.616","1479036.6331"
"2016-12-03","5269.816","1484306.4491"
"2016-12-04","944.286","1485250.7351"
"2016-12-05","5267.004","1490517.7391"
"2016-12-06","3878.276","1494396.0151"
"2016-12-08","4709.095","1499105.1101"
"2016-12-09","1855.483","1500960.5931"
"2016-12-10","3459.710","1504420.3031"
"2016-12-11","6102.250","1510522.5531"
"2016-12-12","1981.115","1512503.6681"
"2016-12-13","1194.088","1513697.7561"
"2016-12-14","828.654","1514526.4101"
"2016-12-15","2637.087","1517163.4971"
"2016-12-16","628.542","1517792.0391"
"2016-12-17","12185.134","1529977.1731"
"2016-12-18","7051.350","1537028.5231"
"2016-12-19","815.112","1537843.6351"
"2016-12-20","134.54","1537978.1751"
"2016-12-22","1043.128","1539021.3031"
"2016-12-23","6965.857","1545987.1601"
"2016-12-24","1938.260","1547925.4201"
"2016-12-25","10488.055","1558413.4751"
"2016-12-26","1829.418","1560242.8931"
"2016-12-27","959.490","1561202.3831"
"2016-12-29","1277.680","1562480.0631"
"2016-12-30","773.774","1563253.8371"
"2016-12-31","731.768","1563985.6051"
"2017-01-01","1481.828","1565467.4331"
"2017-01-02","2079.554","1567546.9871"
"2017-01-03","2070.272","1569617.2591"
"2017-01-06","33.74","1569650.9991"
"2017-01-07","3395.590","1573046.5891"
"2017-01-08","892.98","1573939.5691"
"2017-01-09","274.491","1574214.0601"
"2017-01-12","848.52","1575062.5801"
"2017-01-13","4619.33","1579681.9101"
"2017-01-14","1056.038","1580737.9481"
"2017-01-15","2140.280","1582878.2281"
"2017-01-16","6230.292","1589108.5201"
"2017-01-19","2013.715","1591122.2351"
"2017-01-20","767.838","1591890.0731"
"2017-01-21","2546.643","1594436.7161"
"2017-01-22","4212.372","1598649.0881"
"2017-01-23","450.334","1599099.4221"
"2017-01-24","418.666","1599518.0881"
"2017-01-26","3055.28","1602573.3681"
"2017-01-27","331.914","1602905.2821"
"2017-01-28","1007.52","1603912.8021"
"2017-01-29","294.842","1604207.6441"
"2017-01-30","3749.335","1607956.9791"
"2017-02-02","913.354","1608870.3331"
"2017-02-03","922.327","1609792.6601"
"2017-02-04","32.67","1609825.3301"
"2017-02-05","2263.012","1612088.3421"
"2017-02-06","904.354","1612992.6961"
"2017-02-09","773.764","1613766.4601"
"2017-02-10","227.103","1613993.5631"
"2017-02-11","1241.516","1615235.0791"
"2017-02-13","1058.43","1616293.5091"
"2017-02-16","1337.442","1617630.9511"
"2017-02-17","2964.8174","1620595.7685"
"2017-02-18","287.326","1620883.0945"
"2017-02-19","1314.59","1622197.6845"
"2017-02-20","1150.290","1623347.9745"
"2017-02-21","47.904","1623395.8785"
"2017-02-23","117.80","1623513.6785"
"2017-02-24","1448.676","1624962.3545"
"2017-02-25","430.492","1625392.8465"
"2017-02-26","2847.646","1628240.4925"
"2017-02-28","17.62","1628258.1125"
"2017-03-02","1450.126","1629708.2385"
"2017-03-03","2000.104","1631708.3425"
"2017-03-04","228.822","1631937.1645"
"2017-03-05","1240.02","1633177.1845"
"2017-03-06","778.236","1633955.4205"
"2017-03-07","166.59","1634122.0105"
"2017-03-08","843.10","1634965.1105"
"2017-03-09","710.804","1635675.9145"
"2017-03-10","1252.952","1636928.8665"
"2017-03-11","1973.708","1638902.5745"
"2017-03-12","353.28","1639255.8545"
"2017-03-13","4791.350","1644047.2045"
"2017-03-14","49.616","1644096.8205"
"2017-03-16","2014.381","1646111.2015"
"2017-03-17","542.746","1646653.9475"
"2017-03-18","1027.758","1647681.7055"
"2017-03-19","2166.248","1649847.9535"
"2017-03-20","899.568","1650747.5215"
"2017-03-21","3332.636","1654080.1575"
"2017-03-23","14816.068","1668896.2255"
"2017-03-24","1257.298","1670153.5235"
"2017-03-25","3567.026","1673720.5495"
"2017-03-26","3252.880","1676973.4295"
"2017-03-27","2933.516","1679906.9455"
"2017-03-28","1504.702","1681411.6475"
"2017-03-29","81.4","1681493.0475"
"2017-03-30","656.407","1682149.4545"
"2017-03-31","4981.0108","1687130.4653"
"2017-04-01","5972.988","1693103.4533"
"2017-04-02","822.97","1693926.4233"
"2017-04-03","32.528","1693958.9513"
"2017-04-04","808.47","1694767.4213"
"2017-04-06","114.42","1694881.8413"
"2017-04-07","1971.2905","1696853.1318"
"2017-04-08","6401.93","1703255.0618"
"2017-04-09","1626.710","1704881.7718"
"2017-04-10","755.529","1705637.3008"
"2017-04-11","319.806","1705957.1068"
"2017-04-12","69.66","1706026.7668"
"2017-04-13","1345.824","1707372.5908"
"2017-04-14","652.930","1708025.5208"
"2017-04-15","332.338","1708357.8588"
"2017-04-16","944.429","1709302.2878"
"2017-04-17","3431.459","1712733.7468"
"2017-04-20","2033.240","1714766.9868"
"2017-04-21","1254.564","1716021.5508"
"2017-04-22","947.692","1716969.2428"
"2017-04-23","1199.222","1718168.4648"
"2017-04-24","928.558","1719097.0228"
"2017-04-25","678.113","1719775.1358"
"2017-04-26","61.608","1719836.7438"
"2017-04-27","576.5756","1720413.3194"
"2017-04-28","795.296","1721208.6154"
"2017-04-29","1053.26","1722261.8754"
"2017-04-30","1390.126","1723652.0014"
"2017-05-01","4108.370","1727760.3714"
"2017-05-02","399.11","1728159.4814"
"2017-05-03","1386.346","1729545.8274"
"2017-05-04","1389.405","1730935.2324"
"2017-05-05","185.123","1731120.3554"
"2017-05-06","3183.3698","1734303.7252"
"2017-05-07","2549.468","1736853.1932"
"2017-05-08","3658.554","1740511.7472"
"2017-05-09","1078.222","1741589.9692"
"2017-05-11","449.469","1742039.4382"
"2017-05-12","970.384","1743009.8222"
"2017-05-13","3066.378","1746076.2002"
"2017-05-14","4182.062","1750258.2622"
"2017-05-15","421.264","1750679.5262"
"2017-05-16","221.024","1750900.5502"
"2017-05-18","1830.508","1752731.0582"
"2017-05-19","4919.182","1757650.2402"
"2017-05-20","2997.578","1760647.8182"
"2017-05-21","538.02","1761185.8382"
"2017-05-22","336.562","1761522.4002"
"2017-05-23","241.436","1761763.8362"
"2017-05-25","886.026","1762649.8622"
"2017-05-26","270.24","1762920.1022"
"2017-05-27","2084.908","1765005.0102"
"2017-05-28","1480.103","1766485.1132"
"2017-05-29","691.108","1767176.2212"
"2017-05-30","736.8904","1767913.1116"
"2017-06-01","5058.362","1772971.4736"
"2017-06-02","135.706","1773107.1796"
"2017-06-03","2952.036","1776059.2156"
"2017-06-04","279.414","1776338.6296"
"2017-06-05","491.112","1776829.7416"
"2017-06-06","31.35","1776861.0916"
"2017-06-08","2227.038","1779088.1296"
"2017-06-09","939.133","1780027.2626"
"2017-06-10","2513.343","1782540.6056"
"2017-06-11","1580.894","1784121.4996"
"2017-06-12","1679.968","1785801.4676"
"2017-06-13","1156.018","1786957.4856"
"2017-06-15","4057.510","1791014.9956"
"2017-06-16","2724.194","1793739.1896"
"2017-06-17","3896.672","1797635.8616"
"2017-06-18","1031.1555","1798667.0171"
"2017-06-19","2115.941","1800782.9581"
"2017-06-20","1028.228","1801811.1861"
"2017-06-21","595.656","1802406.8421"
"2017-06-22","579.019","1802985.8611"
"2017-06-24","1287.614","1804273.4751"
"2017-06-25","1508.352","1805781.8271"
"2017-06-26","4224.136","1810005.9631"
"2017-06-27","1644.906","1811650.8691"
"2017-06-29","4521.9912","1816172.8603"
"2017-06-30","4721.977","1820894.8373"
"2017-07-01","639.83","1821534.6673"
"2017-07-02","169.192","1821703.8593"
"2017-07-03","6963.404","1828667.2633"
"2017-07-05","476.354","1829143.6173"
"2017-07-06","380.378","1829523.9953"
"2017-07-07","1620.250","1831144.2453"
"2017-07-08","1980.264","1833124.5093"
"2017-07-09","1671.214","1834795.7233"
"2017-07-10","359.214","1835154.9373"
"2017-07-11","1728.892","1836883.8293"
"2017-07-12","3.816","1836887.6453"
"2017-07-13","504.542","1837392.1873"
"2017-07-14","3598.934","1840991.1213"
"2017-07-15","2132.229","1843123.3503"
"2017-07-16","316.636","1843439.9863"
"2017-07-17","2191.873","1845631.8593"
"2017-07-18","2106.794","1847738.6533"
"2017-07-20","2283.208","1850021.8613"
"2017-07-21","3685.944","1853707.8053"
"2017-07-22","556.314","1854264.1193"
"2017-07-23","898.188","1855162.3073"
"2017-07-24","2399.96","1857562.2673"
"2017-07-25","798.742","1858361.0093"
"2017-07-26","2012.302","1860373.3113"
"2017-07-27","1142.680","1861515.9913"
"2017-07-28","1170.564","1862686.5553"
"2017-07-29","1391.294","1864077.8493"
"2017-07-30","523.376","1864601.2253"
"2017-07-31","1558.028","1866159.2533"
"2017-08-01","2085.650","1868244.9033"
"2017-08-03","531.348","1868776.2513"
"2017-08-04","20.070","1868796.3213"
"2017-08-05","503.676","1869299.9973"
"2017-08-06","1424.026","1870724.0233"
"2017-08-07","3479.624","1874203.6473"
"2017-08-10","1823.07","1876026.7173"
"2017-08-11","708.726","1876735.4433"
"2017-08-12","3693.084","1880428.5273"
"2017-08-13","2643.164","1883071.6913"
"2017-08-14","440.736","1883512.4273"
"2017-08-15","1949.872","1885462.2993"
"2017-08-16","80.564","1885542.8633"
"2017-08-17","9517.288","1895060.1513"
"2017-08-18","7078.484","1902138.6353"
"2017-08-19","512.446","1902651.0813"
"2017-08-20","692.95","1903344.0313"
"2017-08-21","8551.054","1911895.0853"
"2017-08-22","524.540","1912419.6253"
"2017-08-23","4590.344","1917009.9693"
"2017-08-24","685.056","1917695.0253"
"2017-08-25","361.988","1918057.0133"
"2017-08-26","190.66","1918247.6733"
"2017-08-27","6190.538","1924438.2113"
"2017-08-28","1443.632","1925881.8433"
"2017-08-29","235.468","1926117.3113"
"2017-08-31","3162.830","1929280.1413"
"2017-09-01","1261.81","1930541.9513"
"2017-09-02","9354.854","1939896.8053"
"2017-09-03","1595.849","1941492.6543"
"2017-09-04","5360.202","1946852.8563"
"2017-09-05","327.044","1947179.9003"
"2017-09-07","3848.565","1951028.4653"
"2017-09-08","2184.327","1953212.7923"
"2017-09-09","4356.061","1957568.8533"
"2017-09-10","2506.646","1960075.4993"
"2017-09-11","5564.006","1965639.5053"
"2017-09-12","491.55","1966131.0553"
"2017-09-13","15.92","1966146.9753"
"2017-09-14","4367.347","1970514.3223"
"2017-09-15","7285.026","1977799.3483"
"2017-09-16","849.650","1978648.9983"
"2017-09-17","4979.226","1983628.2243"
"2017-09-18","1511.930","1985140.1543"
"2017-09-19","1648.188","1986788.3423"
"2017-09-20","7359.918","1994148.2603"
"2017-09-21","338.172","1994486.4323"
"2017-09-22","7871.213","2002357.6453"
"2017-09-23","2395.786","2004753.4313"
"2017-09-24","6450.462","2011203.8933"
"2017-09-25","1412.213","2012616.1063"
"2017-09-26","1486.576","2014102.6823"
"2017-09-28","559.271","2014661.9533"
"2017-09-29","1944.080","2016606.0333"
"2017-09-30","540.760","2017146.7933"
"2017-10-01","2978.466","2020125.2593"
"2017-10-02","5418.022","2025543.2813"
"2017-10-03","2504.480","2028047.7613"
"2017-10-04","19.98","2028067.7413"
"2017-10-05","6684.616","2034752.3573"
"2017-10-06","1499.652","2036252.0093"
"2017-10-07","2749.210","2039001.2193"
"2017-10-08","608.356","2039609.5753"
"2017-10-09","1496.589","2041106.1643"
"2017-10-10","239.358","2041345.5223"
"2017-10-12","5635.354","2046980.8763"
"2017-10-13","8405.802","2055386.6783"
"2017-10-14","134.332","2055521.0103"
"2017-10-15","1017.94","2056538.9503"
"2017-10-16","3473.597","2060012.5473"
"2017-10-17","126.352","2060138.8993"
"2017-10-19","2781.8702","2062920.7695"
"2017-10-20","1333.858","2064254.6275"
"2017-10-21","4537.201","2068791.8285"
"2017-10-22","15158.877","2083950.7055"
"2017-10-23","3352.394","2087303.0995"
"2017-10-24","529.085","2087832.1845"
"2017-10-26","999.868","2088832.0525"
"2017-10-27","1086.320","2089918.3725"
"2017-10-28","408.726","2090327.0985"
"2017-10-29","46.96","2090374.0585"
"2017-10-30","4025.730","2094399.7885"
"2017-10-31","523.928","2094923.7165"
"2017-11-01","2921.43","2097845.1465"
"2017-11-02","6294.386","2104139.5325"
"2017-11-03","4536.937","2108676.4695"
"2017-11-04","10668.096","2119344.5655"
"2017-11-05","2355.064","2121699.6295"
"2017-11-06","4288.750","2125988.3795"
"2017-11-07","2413.378","2128401.7575"
"2017-11-08","384.1","2128785.8575"
"2017-11-09","4751.492","2133537.3495"
"2017-11-10","4007.548","2137544.8975"
"2017-11-11","1815.218","2139360.1155"
"2017-11-12","2911.386","2142271.5015"
"2017-11-13","6633.4202","2148904.9217"
"2017-11-14","834.658","2149739.5797"
"2017-11-15","559.200","2150298.7797"
"2017-11-16","4755.234","2155054.0137"
"2017-11-17","13694.8828","2168748.8965"
"2017-11-18","1469.756","2170218.6525"
"2017-11-19","7397.272","2177615.9245"
"2017-11-20","2988.274","2180604.1985"
"2017-11-21","2236.184","2182840.3825"
"2017-11-22","35.712","2182876.0945"
"2017-11-23","1153.109","2184029.2035"
"2017-11-24","4959.641","2188988.8445"
"2017-11-25","3666.157","2192655.0015"
"2017-11-26","5048.172","2197703.1735"
"2017-11-27","1618.254","2199321.4275"
"2017-11-28","6912.944","2206234.3715"
"2017-11-29","491.888","2206726.2595"
"2017-11-30","6645.282","2213371.5415"
"2017-12-01","5331.178","2218702.7195"
"2017-12-02","9951.182","2228653.9015"
"2017-12-03","1403.842","2230057.7435"
"2017-12-04","2639.638","2232697.3815"
"2017-12-05","1453.136","2234150.5175"
"2017-12-06","10.68","2234161.1975"
"2017-12-07","2916.514","2237077.7115"
"2017-12-08","7643.041","2244720.7525"
"2017-12-09","5470.390","2250191.1425"
"2017-12-10","3873.559","2254064.7015"
"2017-12-11","2823.965","2256888.6665"
"2017-12-13","580.936","2257469.6025"
"2017-12-14","3897.714","2261367.3165"
"2017-12-15","306.888","2261674.2045"
"2017-12-16","858.702","2262532.9065"
"2017-12-17","2027.758","2264560.6645"
"2017-12-18","3645.911","2268206.5755"
"2017-12-19","1895.926","2270102.5015"
"2017-12-20","377.736","2270480.2375"
"2017-12-21","2140.94","2272621.1775"
"2017-12-22","7442.021","2280063.1985"
"2017-12-23","1926.776","2281989.9745"
"2017-12-24","6233.054","2288223.0285"
"2017-12-25","2698.927","2290921.9555"
"2017-12-26","814.594","2291736.5495"
"2017-12-27","177.636","2291914.1855"
"2017-12-28","1657.3508","2293571.5363"
"2017-12-29","2915.534","2296487.0703"
"2017-12-30","713.790","2297200.8603"
